№,АРТИКУЛ,НАИМЕНОВАНИЕ ТОВАРА,ХАРАКТЕРИСТИКИ,ЦЕНА,Категория
1,ЭС001,Зубной набор ЭкоСфера Крафт (ламинированная) JME 3 гр,индивид упак,19,РАСХОДНИКИ ДЛЯ ГОСТИНИЦ
2,ЭС002,Зубной набор ЭкоСфера Белая (ламинированная) JME 3 гр,индивид упак,19,РАСХОДНИКИ ДЛЯ ГОСТИНИЦ
3,ЭС003,Зубной набор ЭкоСфера Белая (ламинированная) AME 3 гр,мндивид упак,20,РАСХОДНИКИ ДЛЯ ГОСТИНИЦ
4,ЭС004,"Тапочки TD1 подошва ЭВА 4 мм, закрытый мыс, махровые",индивид упак,35,РАСХОДНИКИ ДЛЯ ГОСТИНИЦ
5,ЭС005,"Тапочки TD21-С подошва 4 мм, закрытый мыс 60 гр, антискользящие",индивид упак,20,РАСХОДНИКИ ДЛЯ ГОСТИНИЦ
6,ЭС006,"Тапочки TD21-E подошва 5 мм, закрытый мыс 80 гр, антискользящие",индивид упак,22,РАСХОДНИКИ ДЛЯ ГОСТИНИЦ
7,22730,Тапки Узо спанбонд белый 40 подошва 3 мм flow-pack кор.,индивид упак,18,РАСХОДНИКИ ДЛЯ ГОСТИНИЦ
8,17508,"Зубной набор: щетка АК РСТ, зубная паста тюбик Aquatique 5 мл, ЭКО Flow-pack кор.",идивид упак,17,РАСХОДНИКИ ДЛЯ ГОСТИНИЦ
9,1823,Гель для душа саше Fleur de Lis 2012 кор.,саше,3.5,РАСХОДНИКИ ДЛЯ ГОСТИНИЦ
10,1825,Шампунь саше Fleur de Lis 2012 кор.,саше,3.5,РАСХОДНИКИ ДЛЯ ГОСТИНИЦ
11,17156,"Мыло 13 г, ЭКО Flow-pack кор.",индивид упак,10,РАСХОДНИКИ ДЛЯ ГОСТИНИЦ
12,19984,"Бритвенный набор (Бритвенный станок Rapira, крем для бритья тюбик 5 мл, ЭКО Flow-pack кор.",индивид упак,27,РАСХОДНИКИ ДЛЯ ГОСТИНИЦ
13,17507,Шапочка для душа Flow-pack ЭКО кор.,индивид упак,10,РАСХОДНИКИ ДЛЯ ГОСТИНИЦ
14,17157,Косметический набор (ватные палочки 3шт+ ватные диски 3 шт.) ЭКО Flow-pack кор.,индивид упак,9,РАСХОДНИКИ ДЛЯ ГОСТИНИЦ
15,491531,Губка для обуви круглая d-60 мм с бесцветной пропиткой,штука,29,РАСХОДНИКИ ДЛЯ ГОСТИНИЦ
16,221600,"Грасс ""GLOSS"" Для удаление известкового налета и ржавчины 600 мл *8",600 мл,249,ДЛЯ САНУЗЛОВ
17,ЭС007,BT Bath Acid +  средство усиленного действия для удаления ржавчины и минеральных отложений. Концентрат(1:200-1:500) 5 л,5 л,879,ДЛЯ САНУЗЛОВ
18,ЭС008,BT Bath Acid +  средство усиленного действия для удаления ржавчины и минеральных отложений. Концентрат(1:200-1:500) 1 л,1 л,219,ДЛЯ САНУЗЛОВ
19,ЭС009,BT Bath Extra гелеобразное средство усиленного действия для удаления ржавчины и минеральных отложений.  Концентрат(1:10-1:100),5 л,889,ДЛЯ САНУЗЛОВ
20,ЭС010,BT Bath Extra гелеобразное средство усиленного действия для удаления ржавчины и минеральных отложений.  Концентрат(1:10-1:100),1 л,239,ДЛЯ САНУЗЛОВ
21,ЭС011,BT Bath Uni Универсальное кислотное чистящее средство для санитарных комнат с антимикробным эффектом 5 л,5 л,869,ДЛЯ САНУЗЛОВ
22,ЭС012,BT Bath Uni Универсальное кислотное чистящее средство для санитарных комнат с антимикробным эффектом 500 мл,500 мл,219,ДЛЯ САНУЗЛОВ
23,ЭС013,BT Bath DZ+ Средство для уборки и дезинфекции санитарных комнат 5 л,5 л,1179,ДЛЯ САНУЗЛОВ
24,ЭС014,BT Bath DZ+ Средство для уборки и дезинфекции санитарных комнат 1 л,1 л,310,ДЛЯ САНУЗЛОВ
25,ЭС015,BT Bath Prof средство для устранения засоров в трубах. Концентрат(1:100) 5 л,5 л,810,ДЛЯ САНУЗЛОВ
26,ЭС016,BT Bath Prof средство для устранения засоров в трубах. Концентрат(1:100) 1 л,1 л,239,ДЛЯ САНУЗЛОВ
27,ЭС017,BT Bath Fungi+ средство для удаления плесени  с дезинфицирующим эффектом. Концентрат(1:50-1:100) 5 л,5 л,649,ДЛЯ САНУЗЛОВ
28,ЭС018,BT Bath Fungi+ средство для удаления плесени  с дезинфицирующим эффектом. Концентрат(1:50-1:100) 500 мл,500 мл,219,ДЛЯ САНУЗЛОВ
29,26504,"EFFECT SUPER средство с комплексным действием Белизна гель, 5 л",5 л,439,ДЛЯ САНУЗЛОВ
30,25706,EFFECT Super средство универсальное для мытья пола и поверхностей 5 л,5 л,420,ДЛЯ САНУЗЛОВ
31,25710,"EFFECT Super средство с комплексным действием Белизна гель, 750 г",750 г,115,ДЛЯ САНУЗЛОВ
32,25696,"EFFECT Super Средство санитарно-гигиеническое для сантехники, 750 г",750 г,139,ДЛЯ САНУЗЛОВ
33,25708,"EFFECT Super Средство чистящее для ванн, 750 г",750 г,144,ДЛЯ САНУЗЛОВ
34,25698,"EFFECT Super Средство чистящее универсальное для стеклянных поверхностей, 500 мл",500 мл,154,ДЛЯ САНУЗЛОВ
35,9066,"EFFECT ДЕЛЬТА 418 DesPro средство для дезинфекции и мытья поверхностей, 5000 мл",5 л,899,ДЛЯ САНУЗЛОВ
36,24612,"EFFECT АЛЬФА 108 концентрированное средство чистящее для удаления известкового налета и ржавчины, 5л",5 л,2299,ДЛЯ САНУЗЛОВ
37,27109,"EFFECT АЛЬФА 109 Гель для удаления известкового налета и ржавчины, 5 л",5 л,956,ДЛЯ САНУЗЛОВ
38,10717,"EFFECT АЛЬФА 102 Средство санитарно-гигиеническое для удаления ржавчины, 5 л",5 л,879,ДЛЯ САНУЗЛОВ
39,26216,"EFFECT АЛЬФА 104 Средство для очистки канализационных труб, 5 л (ВЕРСИЯ 2023)",5 л,659,ДЛЯ САНУЗЛОВ
40,26008,"EFFECT АЛЬФА 106 универсальное чистящее средство Универсал, 5 л (ВЕРСИЯ 2023)",5 л,559,ДЛЯ САНУЗЛОВ
41,26596,"EFFECT АЛЬФА 103 Средство чистящее для удаления известкового налета и ржавчины, 5 л (ВЕРСИЯ 2023)",5 л,875,ДЛЯ САНУЗЛОВ
42,25994,"EFFECT АЛЬФА 105 Средство санитарно-гигиеническое для сложных загрязнений, 5 л (ВЕРСИЯ 2023)",5 л,619,ДЛЯ САНУЗЛОВ
43,26211,"EFFECT АЛЬФА 104 Средство для очистки канализационных труб, 750 мл (ВЕРСИЯ 2023)",750 мл,149,ДЛЯ САНУЗЛОВ
44,26196,"EFFECT АЛЬФА 106 Универсал, универсальное чистящее средство, 750 мл (ВЕРСИЯ 2023)",750 мл,129,ДЛЯ САНУЗЛОВ
45,26194,"EFFECT АЛЬФА 103 Средство чистящее для удаления известкового налета и ржавчины, 500 мл (ВЕРСИЯ 2023)",500 мл,235,ДЛЯ САНУЗЛОВ
46,25984,"EFFECT ДЕЛЬТА 416 Средство универсальное Дегризер, 5 л (ВЕРСИЯ 2023)",5 л,1689,ДЛЯ САНУЗЛОВ
47,26006,"EFFECT ДЕЛЬТА 412 Средство нейтральное для мытья полов, 5 л (ВЕРСИЯ 2023)",5 л,728,ДЛЯ САНУЗЛОВ
48,26002,"EFFECT ДЕЛЬТА 401 Средство универсальное высокопенное для мытья поверхностей, 5 л (ВЕРСИЯ 2023)",5 л,689,ДЛЯ САНУЗЛОВ
49,27312,"EFFECT ДЕЛЬТА 416 Средство универсальное Дегризер, 1 л",1 л,359,ДЛЯ САНУЗЛОВ
50,25689,"EFFECT ДЕЛЬТА 404 средство чистящее универсальное для стекол и зеркал, 500 мл (ВЕРСИЯ 2023)",500 мл,149,ДЛЯ САНУЗЛОВ
51,1549,"Средство санитарно-гигиеническое ""Sanfor WС гель"", 750 г, морской бриз",750 г,199,ДЛЯ САНУЗЛОВ
52,1957,"""Sanfor"" для труб"", 1 кг",1 кг,259,ДЛЯ САНУЗЛОВ
53,8893,"Средство санитарно-гигиеническое «Sanfor» Универсал морской бриз,1 кг",1 кг,230,ДЛЯ САНУЗЛОВ
54,8894,"Средство санитарно-гигиеническое «Sanfor»  Универсал лимонная свежесть,1 кг",1 кг,230,ДЛЯ САНУЗЛОВ
55,10742,"Средство для очистки труб ""Sanfor для труб"" (прочистка труб на кухне), 1 кг",1 кг,269,ДЛЯ САНУЗЛОВ
56,1896,"""Sanfor WС гель"", 750 г, speсial black",750 гр,209,ДЛЯ САНУЗЛОВ
57,1544,"""Sanfor"" Универсал"", 750 г, лимонная свежесть",750 гр,189,ДЛЯ САНУЗЛОВ
58,1953,"""Sanfor WС гель"", 1 кг, speсial black",1 кг,279,ДЛЯ САНУЗЛОВ
59,1956,"""Sanfor"" Универсал"", 1 кг, летний дождь",1 кг,250,ДЛЯ САНУЗЛОВ
60,1543,"""Sanfor"" Универсал"", 750 г, морской бриз",750 гр,189,ДЛЯ САНУЗЛОВ
61,10008,"Средство чистящее для унитаза ""SANFOR"" WC gel super power"", 1 кг",1 кг,309,ДЛЯ САНУЗЛОВ
62,1880,"""Sanfor"" Chlorum"", 750 г",750 гр,166,ДЛЯ САНУЗЛОВ
63,9611,"Средство чистящее для унитаза ""SANFOR"" WC gel super power"", 750г",750 гр,219,ДЛЯ САНУЗЛОВ
64,1554,"""Sanfor для ванн"", 750 г, лимонная свежесть, антиналет",750 гр,245,ДЛЯ САНУЗЛОВ
65,14123,"SANITA спрей для стекол, Горная свежесть, 500 мл (НОВЫЙ ДИЗАЙН ВЕРСИЯ 2020)",500 мл,217,ДЛЯ САНУЗЛОВ
66,1954,"""Sanfor WС гель"", 1 кг, LEMON FRESH",1 кг,259,ДЛЯ САНУЗЛОВ
67,1550,"""Sanfor WС гель"", 750 г, лимонная свежесть",1 кг,199,ДЛЯ САНУЗЛОВ
68,1542,"""Sanfor"" Универсал"", 750 г, зеленое яблоко",750 гр,189,ДЛЯ САНУЗЛОВ
69,1557,"""Sanfor active антиржавчина"", 750 г",750 гр,229,ДЛЯ САНУЗЛОВ
70,21620,"SANFOR для труб TURBO, 1 кг (новая этикетка)",1 кг,419,ДЛЯ САНУЗЛОВ
71,22157,"SANFOR для мытья полов УЛЬТРА БЛЕСК, Забота о доме, 1 л",1 л,269,ДЛЯ САНУЗЛОВ
72,22674,"SANFOR для мытья полов УЛЬТРА БЛЕСК, Забота о домашних питомцах, 1 л",1 л,269,ДЛЯ САНУЗЛОВ
73,23655,"SANFOR для ванн АКРИЛАЙТ, 750 г",750 гр,249,ДЛЯ САНУЗЛОВ
74,24265,"SANFOR Универсал Ультра Блеск Чистота и гигиена, 750 г",750 гр,209,ДЛЯ САНУЗЛОВ
75,24505,"SANFOR Chlorum, 1,5 л","1,5 л",299,ДЛЯ САНУЗЛОВ
76,24608,"SANITA спрей для стекол с нашатырным спиртом, 500 мл (ВЕРСИЯ 2023)",500 мл,209,ДЛЯ САНУЗЛОВ
77,25382,"SANITA чистящее средство спрей УНИВЕРСАЛЬНЫЙ для всех поверхностей и текстиля, 500 мл (ВЕРСИЯ 2023)",500 мл,227,ДЛЯ САНУЗЛОВ
78,25408,"SANFOR Белизна гель, 3 в 1, 1,5 л","1,5 л",289,ДЛЯ САНУЗЛОВ
79,26270,"SANITA средство чистящее для удаления известкового налета Акрилайт, 500 мл",500 мл,245,ДЛЯ САНУЗЛОВ
80,26283,"SANFOR Универсал, Морской бриз, 1,5 л","1,5 л",289,ДЛЯ САНУЗЛОВ
81,26285,"SANFOR Универсал, Зеленое яблоко, 1,5 л","1,5 л",289,ДЛЯ САНУЗЛОВ
82,26289,"SANFOR Универсал Ультра Блеск Чистота и гигиена, 1,5 л","1,5 л",289,ДЛЯ САНУЗЛОВ
83,26400,"SANFOR для труб, прочистка труб на кухне, 1 кг (250 г бесплатно)",1 кг,269,ДЛЯ САНУЗЛОВ
84,H-395057-N,Bagi ПОТХАН (средство для устранения засоров) 600 г,600 г,997,ДЛЯ САНУЗЛОВ
85,H-208948-0,"Bagi ШУМАНИТ ОТ ИЗВЕСТКОВОГО НАЛЕТА, 550 мл",550 мл,669,ДЛЯ САНУЗЛОВ
86,B-208979-0,"Bagi ШУМАНИТ ДЛЯ ЧИСТКИ САНТЕХНИКИ, 500 мл",500 мл,599,ДЛЯ САНУЗЛОВ
87,4303010015,"Средство чистящее для сантехники ""Санокс"" - гель 10*1100 г",1100 г,179,ДЛЯ САНУЗЛОВ
88,4303010014,"Средство чистящее для сантехники ""Санокс""   10*1100 г",1100 г,169,ДЛЯ САНУЗЛОВ
89,4303010007,"Средство чистящее для сантехники ""Санокс""   15*750 г",750 г,119,ДЛЯ САНУЗЛОВ
90,4303010006,"Средство чистящее для сантехники ""Санокс"" - гель 15*750 г",750 г,129,ДЛЯ САНУЗЛОВ
91,4303010002,"Средство чистящее для сантехники ""Санокс""   3*5л",5 л,668,ДЛЯ САНУЗЛОВ
92,D015-5,Dolphin: Юниверсал Экстра 5л для ежедневного ухода за полами и мебелью (шт.,5 л,1089,ДЛЯ САНУЗЛОВ
93,D016-5,Dolphin: Юниверсал Клин 5л для ежедневного ухода за интерьером (шт.),5 л,859,ДЛЯ САНУЗЛОВ
94,D010-5,Dolphin: Сани-Макс 5л щелочное средство для мытья и дезинфекции (шт.),5 л,709,ДЛЯ САНУЗЛОВ
95,219600,"Грасс ""Torus"" Очиститель-полироль для мебели 600 мл* 8",600 мл,259,СРЕДСТВА ДЛЯ УБОРКИ ПОМЕЩЕНИЙ И НОМЕРНОГО ФОНДА
96,125636,Грасс «G-oxi» Спрей пятновыводитель для ковровых покрытий  антибактериальный,600 мл,249,СРЕДСТВА ДЛЯ УБОРКИ ПОМЕЩЕНИЙ И НОМЕРНОГО ФОНДА
97,ЭС 019,TX Shampoo + Carpet Shampoo шампунь для чистки ковров и мягкой мебели. Концентрат (1:20 - 1:120) 5 л,5 л,1699,СРЕДСТВА ДЛЯ УБОРКИ ПОМЕЩЕНИЙ И НОМЕРНОГО ФОНДА
98,ЭС 020,TX Shampoo + Carpet Shampoo шампунь для чистки ковров и мягкой мебели. Концентрат (1:20 - 1:120) 1 л,1 л,409,СРЕДСТВА ДЛЯ УБОРКИ ПОМЕЩЕНИЙ И НОМЕРНОГО ФОНДА
99,ЭС021,TX DryClean + Carpet DryClean шампунь для сухой чистки ковров и текстильных изделий. Концентрат(1:20-1:100) 1 л,1 л,429,СРЕДСТВА ДЛЯ УБОРКИ ПОМЕЩЕНИЙ И НОМЕРНОГО ФОНДА
100,ЭС022,TX Candy Универсальный пятновыводитель. Готов к применению 500 мл,500 мл,319,СРЕДСТВА ДЛЯ УБОРКИ ПОМЕЩЕНИЙ И НОМЕРНОГО ФОНДА
101,ЭС023,UN Spray Universal Spray  универсальное моющее и чистящее средство. Готовое к применению. 5 л,5 л,649,СРЕДСТВА ДЛЯ УБОРКИ ПОМЕЩЕНИЙ И НОМЕРНОГО ФОНДА
102,ЭС024,UN Spray Universal Spray  универсальное моющее и чистящее средство. Готовое к применению. 500 мл,500 мл,169,СРЕДСТВА ДЛЯ УБОРКИ ПОМЕЩЕНИЙ И НОМЕРНОГО ФОНДА
103,ЭС025,UN Spray+ Universal Spray + универсальное моющее и чистящее средство. Концентрат 5 л,5 л,1319,СРЕДСТВА ДЛЯ УБОРКИ ПОМЕЩЕНИЙ И НОМЕРНОГО ФОНДА
104,ЭС026,UN DEZ+ Universal DZ  универсальное моющее средство с дезинфицирующим эффектом. Концентрат (1:10- 1:120) 5 л,5 л,1119,СРЕДСТВА ДЛЯ УБОРКИ ПОМЕЩЕНИЙ И НОМЕРНОГО ФОНДА
105,ЭС027,UN Universal+ Universal E  универсальное моющее средство эконом - класса.   Концентрат (1:10-1:100) 5 л,5 л,719,СРЕДСТВА ДЛЯ УБОРКИ ПОМЕЩЕНИЙ И НОМЕРНОГО ФОНДА
106,ЭС028,"UN Uni+ Universal Uni+ Универсальное низкопенное кислотное моющее средство  для удаления минеральных загрязнений
Концентрат (1:20) 5 л
",5 л,1239,СРЕДСТВА ДЛЯ УБОРКИ ПОМЕЩЕНИЙ И НОМЕРНОГО ФОНДА
107,ЭС029,MP Neutral + Multipower Neutral средство для мытья полов всех типов. Концентрат(1:64 - 1:500),5 л,1099,СРЕДСТВА ДЛЯ УБОРКИ ПОМЕЩЕНИЙ И НОМЕРНОГО ФОНДА
108,ЭС030,MP Bright + Multipower Bright средство для мытья полов с полимерным покрытием.  Концентрат(1:65-1:500),5 л,1209,СРЕДСТВА ДЛЯ УБОРКИ ПОМЕЩЕНИЙ И НОМЕРНОГО ФОНДА
109,ЭС031,"MP Kerama + Multipower Kerama,Средство для мытья плитки и керамогранита
Концентрат (1:130) 5л",5 л,729,СРЕДСТВА ДЛЯ УБОРКИ ПОМЕЩЕНИЙ И НОМЕРНОГО ФОНДА
110,ЭС032,"MP Shine+ Multipower Shine+ Щелочной концентрат для мытья глянцевых полов
Концентрат(1:150)",5 л,1339,СРЕДСТВА ДЛЯ УБОРКИ ПОМЕЩЕНИЙ И НОМЕРНОГО ФОНДА
111,ЭС033,MP Prof + Multipower Prof средство усиленного действия для мытья всех типов полов.  Концентрат(1:20 -1:300),5 л,1327,СРЕДСТВА ДЛЯ УБОРКИ ПОМЕЩЕНИЙ И НОМЕРНОГО ФОНДА
112,ЭС034,MP Prof + Multipower Prof средство усиленного действия для мытья всех типов полов.  Концентрат(1:20 -1:300),1 л,349,СРЕДСТВА ДЛЯ УБОРКИ ПОМЕЩЕНИЙ И НОМЕРНОГО ФОНДА
113,ЭС035,MP White + Multipower White средство для мытья светлых полов с отбеливающим эффектом.     Концентрат(1:20-1:200),5 л,1289,СРЕДСТВА ДЛЯ УБОРКИ ПОМЕЩЕНИЙ И НОМЕРНОГО ФОНДА
114,ЭС036,MP Effect + Multipower E  средство эконом-класса  для мытья полов всех типов.   Концентрат (1:5-1:150),5 л,669,СРЕДСТВА ДЛЯ УБОРКИ ПОМЕЩЕНИЙ И НОМЕРНОГО ФОНДА
115,ЭС037,MP Effect Citrus + Multipower E (цитрус)  Концентрат эконом-класса для мытья полов.  Концентрат(1:5-1:150),5 л,669,СРЕДСТВА ДЛЯ УБОРКИ ПОМЕЩЕНИЙ И НОМЕРНОГО ФОНДА
116,ЭС038,"Duty Graffiti средство для удаления граффити, маркера, краски. Готовое к применению. АЭРОЗОЛЬ 2 л",2 л,2879,СРЕДСТВА ДЛЯ УБОРКИ ПОМЕЩЕНИЙ И НОМЕРНОГО ФОНДА
117,ЭС039,"Duty Graffiti средство для удаления граффити, маркера, краски. Готовое к применению. АЭРОЗОЛЬ 400 мл",400 мл,459,СРЕДСТВА ДЛЯ УБОРКИ ПОМЕЩЕНИЙ И НОМЕРНОГО ФОНДА
118,ЭС040,"Duty Graffiti Max, Средство для удаления граффити, маркера, краски 2 л",2 л,2889,СРЕДСТВА ДЛЯ УБОРКИ ПОМЕЩЕНИЙ И НОМЕРНОГО ФОНДА
119,ЭС041,"Duty Universal  Средство для удаления клейкой ленты, клея, наклеек 2 л",2 л,2839,СРЕДСТВА ДЛЯ УБОРКИ ПОМЕЩЕНИЙ И НОМЕРНОГО ФОНДА
120,ЭС042,"Duty Universal  Средство для удаления клейкой ленты, клея, наклеек 400 мл",400 мл,509,СРЕДСТВА ДЛЯ УБОРКИ ПОМЕЩЕНИЙ И НОМЕРНОГО ФОНДА
121,ЭС043,"Duty Universal  Средство для удаления клейкой ленты, клея, наклеек 210 мл",210 мл,409,СРЕДСТВА ДЛЯ УБОРКИ ПОМЕЩЕНИЙ И НОМЕРНОГО ФОНДА
122,26252,EFFECT DELTA 403 Пятновыводитель для сухой чистки,500 мл,445,СРЕДСТВА ДЛЯ УБОРКИ ПОМЕЩЕНИЙ И НОМЕРНОГО ФОНДА
123,25706,EFFECT Super средство универсальное для мытья поверхностей 5 л,5 л,420,СРЕДСТВА ДЛЯ УБОРКИ ПОМЕЩЕНИЙ И НОМЕРНОГО ФОНДА
124,25698,"EFFECT Super Средство чистящее универсальное для стеклянных поверхностей, 500 мл",500 мл,154,СРЕДСТВА ДЛЯ УБОРКИ ПОМЕЩЕНИЙ И НОМЕРНОГО ФОНДА
125,9066,"EFFECT ДЕЛЬТА 418 DesPro средство для дезинфекции и мытья поверхностей, 5000 мл",5 л,899,СРЕДСТВА ДЛЯ УБОРКИ ПОМЕЩЕНИЙ И НОМЕРНОГО ФОНДА
126,26008,"EFFECT АЛЬФА 106 универсальное чистящее средство Универсал, 5 л (ВЕРСИЯ 2023)",5 л,559,СРЕДСТВА ДЛЯ УБОРКИ ПОМЕЩЕНИЙ И НОМЕРНОГО ФОНДА
127,26196,"EFFECT АЛЬФА 106 Универсал, универсальное чистящее средство, 750 мл (ВЕРСИЯ 2023)",750 мл,129,СРЕДСТВА ДЛЯ УБОРКИ ПОМЕЩЕНИЙ И НОМЕРНОГО ФОНДА
128,26434,"EFFECT ГАММА 303 Универсальный чистящий крем, 600 г",600 г,135,СРЕДСТВА ДЛЯ УБОРКИ ПОМЕЩЕНИЙ И НОМЕРНОГО ФОНДА
129,25984,"EFFECT ДЕЛЬТА 416 Средство универсальное Дегризер, 5 л (ВЕРСИЯ 2023)",5 л,1689,СРЕДСТВА ДЛЯ УБОРКИ ПОМЕЩЕНИЙ И НОМЕРНОГО ФОНДА
130,26004,"EFFECT ДЕЛЬТА 402 Средство для чистки ковровых покрытий и обивки, 5 л (ВЕРСИЯ 2023)",5 л,1389,СРЕДСТВА ДЛЯ УБОРКИ ПОМЕЩЕНИЙ И НОМЕРНОГО ФОНДА
131,26006,"EFFECT ДЕЛЬТА 412 Средство нейтральное для мытья полов, 5 л (ВЕРСИЯ 2023)",5 л,728,СРЕДСТВА ДЛЯ УБОРКИ ПОМЕЩЕНИЙ И НОМЕРНОГО ФОНДА
132,26002,"EFFECT ДЕЛЬТА 401 Средство универсальное высокопенное для мытья поверхностей, 5 л (ВЕРСИЯ 2023)",5 л,689,СРЕДСТВА ДЛЯ УБОРКИ ПОМЕЩЕНИЙ И НОМЕРНОГО ФОНДА
133,27312,"EFFECT ДЕЛЬТА 416 Средство универсальное Дегризер, 1 л",1 л,359,СРЕДСТВА ДЛЯ УБОРКИ ПОМЕЩЕНИЙ И НОМЕРНОГО ФОНДА
134,25689,"EFFECT ДЕЛЬТА 404 средство чистящее универсальное для стекол и зеркал, 500 мл (ВЕРСИЯ 2023)",500 мл,149,СРЕДСТВА ДЛЯ УБОРКИ ПОМЕЩЕНИЙ И НОМЕРНОГО ФОНДА
135,1956,"""Sanfor"" Универсал"", 1 кг, летний дождь",1 кг,250,СРЕДСТВА ДЛЯ УБОРКИ ПОМЕЩЕНИЙ И НОМЕРНОГО ФОНДА
136,1543,"""Sanfor"" Универсал"", 750 г, морской бриз",750 гр,189,СРЕДСТВА ДЛЯ УБОРКИ ПОМЕЩЕНИЙ И НОМЕРНОГО ФОНДА
137,14123,"SANITA спрей для стекол, Горная свежесть, 500 мл (НОВЫЙ ДИЗАЙН ВЕРСИЯ 2020)",500 мл,217,СРЕДСТВА ДЛЯ УБОРКИ ПОМЕЩЕНИЙ И НОМЕРНОГО ФОНДА
138,1542,"""Sanfor"" Универсал"", 750 г, зеленое яблоко",750 гр,189,СРЕДСТВА ДЛЯ УБОРКИ ПОМЕЩЕНИЙ И НОМЕРНОГО ФОНДА
139,22157,"SANFOR для мытья полов УЛЬТРА БЛЕСК, Забота о доме, 1 л",1 л,269,СРЕДСТВА ДЛЯ УБОРКИ ПОМЕЩЕНИЙ И НОМЕРНОГО ФОНДА
140,22674,"SANFOR для мытья полов УЛЬТРА БЛЕСК, Забота о домашних питомцах, 1 л",1 л,269,СРЕДСТВА ДЛЯ УБОРКИ ПОМЕЩЕНИЙ И НОМЕРНОГО ФОНДА
141,24265,"SANFOR Универсал Ультра Блеск Чистота и гигиена, 750 г",750 г,209,СРЕДСТВА ДЛЯ УБОРКИ ПОМЕЩЕНИЙ И НОМЕРНОГО ФОНДА
142,24608,"SANITA спрей для стекол с нашатырным спиртом, 500 мл (ВЕРСИЯ 2023)",500 мл,209,СРЕДСТВА ДЛЯ УБОРКИ ПОМЕЩЕНИЙ И НОМЕРНОГО ФОНДА
143,25382,"SANITA чистящее средство спрей УНИВЕРСАЛЬНЫЙ для всех поверхностей и текстиля, 500 мл (ВЕРСИЯ 2023)",500 мл,227,СРЕДСТВА ДЛЯ УБОРКИ ПОМЕЩЕНИЙ И НОМЕРНОГО ФОНДА
144,26283,"SANFOR Универсал, Морской бриз, 1,5 л","1,5 л",289,СРЕДСТВА ДЛЯ УБОРКИ ПОМЕЩЕНИЙ И НОМЕРНОГО ФОНДА
145,26285,"SANFOR Универсал, Зеленое яблоко, 1,5 л","1,5 л",289,СРЕДСТВА ДЛЯ УБОРКИ ПОМЕЩЕНИЙ И НОМЕРНОГО ФОНДА
146,26289,"SANFOR Универсал Ультра Блеск Чистота и гигиена, 1,5 л","1,5 л",289,СРЕДСТВА ДЛЯ УБОРКИ ПОМЕЩЕНИЙ И НОМЕРНОГО ФОНДА
147,D015-5,Dolphin: Юниверсал Экстра 5л для ежедневного ухода за полами и мебелью (шт.,5 л,1089,СРЕДСТВА ДЛЯ УБОРКИ ПОМЕЩЕНИЙ И НОМЕРНОГО ФОНДА
148,D016-5,Dolphin: Юниверсал Клин 5л для ежедневного ухода за интерьером (шт.),5 л,859,СРЕДСТВА ДЛЯ УБОРКИ ПОМЕЩЕНИЙ И НОМЕРНОГО ФОНДА
149,H-395422-N,"Bagi МАСТИКА ДЛЯ ПОЛИРОВКИ ПОЛОВ, 500 мл",500 мл,619,СРЕДСТВА ДЛЯ УБОРКИ ПОМЕЩЕНИЙ И НОМЕРНОГО ФОНДА
150,ЭС044,"PROF DZ ПРОФ ДЗ ( ""PROF DZ"") кожный антисептик 5 л",5 л,1649,СРЕДСТВА ЛИЧНОЙ ГИГИЕНЫ
151,ЭС045,"PROF DZ ПРОФ ДЗ ( ""PROF DZ"") кожный антисептик 1 л",1 л,469,СРЕДСТВА ЛИЧНОЙ ГИГИЕНЫ
152,ЭС046,Diona Aroma Пенное мыло для дозаторов. С цветочным ароматом 5 л,5 л ПЭТ,519,СРЕДСТВА ЛИЧНОЙ ГИГИЕНЫ
153,ЭС047,"Diona Antibac,Антибактериальное мыло 5л",5 л,1099,СРЕДСТВА ЛИЧНОЙ ГИГИЕНЫ
154,ЭС048,"Diona Apple, Гель-мыло с перламутром. 
C ароматом яблока 5л",5 л,549,СРЕДСТВА ЛИЧНОЙ ГИГИЕНЫ
155,ЭС049,"Diona жидкое гель-мыло с перламутром. Без цвета, без запаха. 5 л ПЭТ",5 л ПЭТ,419,СРЕДСТВА ЛИЧНОЙ ГИГИЕНЫ
156,ЭС050,Diona E жидкое гель-мыло эконом-класса. Без красителей и ароматизаторов. 5 л ПЭТ,5 л ПЭТ,326,СРЕДСТВА ЛИЧНОЙ ГИГИЕНЫ
157,ЭС051,"Diona Apple E, Жидкое гель-мыло эконом-класса. C ароматом яблока
готовое средство 5 л ПЭТ",5 л ПЭТ,326,СРЕДСТВА ЛИЧНОЙ ГИГИЕНЫ
158,ЭС052,"Diona Citrus E, Жидкое гель-мыло эконом-класса. C ароматом цитрусовых
готовое средство 5 л ПЭТ",5 л ПЭТ,326,СРЕДСТВА ЛИЧНОЙ ГИГИЕНЫ
159,26436,"EFFECT жидкое крем-мыло Sanfito, Пион и камелия, 1 л",1 л,196,СРЕДСТВА ЛИЧНОЙ ГИГИЕНЫ
160,25509,"EFFECT жидкое крем-мыло Sanfito, Цветочный микс, 1 л",1 л,196,СРЕДСТВА ЛИЧНОЙ ГИГИЕНЫ
161,25505,"EFFECT жидкое мыло Sanfito, Сочное алоэ, 1 л",1 л,196,СРЕДСТВА ЛИЧНОЙ ГИГИЕНЫ
162,520511,ТОРК: Мыло- пена S4 1 л (картридж),1 л 6 шт/упак,819,СРЕДСТВА ЛИЧНОЙ ГИГИЕНЫ
163,105054/14,"Мыло жидкое биоразлагаемое для мытья рук и тела ""Лаванда"" торговая марка ""SYNERGETIC"" 0.5л",500 мл,166,СРЕДСТВА ЛИЧНОЙ ГИГИЕНЫ
164,105501,"Мыло жидкое биоразлагаемое для мытья рук и тела ""Лаванда"" торговая марка ""SYNERGETIC"" 5л",5 л,799,СРЕДСТВА ЛИЧНОЙ ГИГИЕНЫ
165,105055/14,"Мыло жидкое биоразлагаемое для мытья рук и тела ""Фруктовый микс"" торговая марка ""SYNERGETIC"" 0.5л",500 мл,166,СРЕДСТВА ЛИЧНОЙ ГИГИЕНЫ
166,105502,"Мыло жидкое биоразлагаемое для мытья рук и тела ""Фруктовый микс"" торговая марка ""SYNERGETIC"" 5л",5 л,799,СРЕДСТВА ЛИЧНОЙ ГИГИЕНЫ
167,105058/6,"Мыло жидкое биоразлагаемое для мытья рук и тела ""Миндальное молочко"" торговая марка ""SYNERGETIC"" 0.5л",500 мл,166,СРЕДСТВА ЛИЧНОЙ ГИГИЕНЫ
168,105506,"Мыло жидкое биоразлагаемое для мытья рук и тела ""Миндальное молочко"" торговая марка ""SYNERGETIC"" 5л",5 л,799,СРЕДСТВА ЛИЧНОЙ ГИГИЕНЫ
169,105001,"Натуральное биоразлагаемое мыло для рук и тела SYNERGETIC Пачули и ароматный бергамот, 0,38л",380 мл,219,СРЕДСТВА ЛИЧНОЙ ГИГИЕНЫ
170,105003,"Натуральное биоразлагаемое мыло для рук и тела SYNERGETIC Сандал и ягоды можжевельника, 0,38л",380 мл,219,СРЕДСТВА ЛИЧНОЙ ГИГИЕНЫ
171,701401,НАТУРАЛЬНЫЙ БЕССУЛЬФАТНЫЙ ШАМПУНЬ SYNERGETIC ИНТЕНСИВНОЕ УВЛАЖНЕНИЕ И БЛЕСК ,"флакон 0,4л",289,СРЕДСТВА ЛИЧНОЙ ГИГИЕНЫ
172,701750,НАТУРАЛЬНЫЙ БЕССУЛЬФАТНЫЙ ШАМПУНЬ SYNERGETIC ИНТЕНСИВНОЕ УВЛАЖНЕНИЕ И БЛЕСК ,"флакон 0,75л",459,СРЕДСТВА ЛИЧНОЙ ГИГИЕНЫ
173,701403,НАТУРАЛЬНЫЙ БЕССУЛЬФАТНЫЙ ШАМПУНЬ SYNERGETIC ОБЪЁМ И УКРЕПЛЕНИЕ ВОЛОС ,"флакон 0,4л",289,СРЕДСТВА ЛИЧНОЙ ГИГИЕНЫ
174,701752,НАТУРАЛЬНЫЙ БЕССУЛЬФАТНЫЙ ШАМПУНЬ SYNERGETIC ОБЪЁМ И УКРЕПЛЕНИЕ ВОЛОС ,"флакон 0,75л",459,СРЕДСТВА ЛИЧНОЙ ГИГИЕНЫ
175,701404,НАТУРАЛЬНЫЙ БЕССУЛЬФАТНЫЙ ШАМПУНЬ SYNERGETIC ЭКСТРАМЯГКИЙ ДЛЯ ЕЖЕДНЕВНОГО УХОДА 2 В 1 ,"флакон 0,4л",289,СРЕДСТВА ЛИЧНОЙ ГИГИЕНЫ
176,701753,НАТУРАЛЬНЫЙ БЕССУЛЬФАТНЫЙ ШАМПУНЬ SYNERGETIC ЭКСТРАМЯГКИЙ ДЛЯ ЕЖЕДНЕВНОГО УХОДА 2 В 1 ,"флакон 0,75л",459,СРЕДСТВА ЛИЧНОЙ ГИГИЕНЫ
177,400001,"Натуральный биоразлагаемый гель для душа SYNERGETIC Пачули и ароматный бергамот, 0,38л",380 мл,225,СРЕДСТВА ЛИЧНОЙ ГИГИЕНЫ
178,400009,"Натуральный биоразлагаемый гель для душа SYNERGETIC Пачули и ароматный бергамот, 750мл",750 мл,357,СРЕДСТВА ЛИЧНОЙ ГИГИЕНЫ
179,400003,"Натуральный биоразлагаемый гель для душа SYNERGETIC Сандал и ягоды можжевельника, 0,38л",380 мл,225,СРЕДСТВА ЛИЧНОЙ ГИГИЕНЫ
180,400011,"Натуральный биоразлагаемый гель для душа SYNERGETIC Сандал и ягоды можжевельника, 750мл",750 мл,357,СРЕДСТВА ЛИЧНОЙ ГИГИЕНЫ
181,300008/6,Натуральный крем для рук и тела SYNERGETIC Карамельное яблоко и ваниль 380мл,380 мл,252,СРЕДСТВА ЛИЧНОЙ ГИГИЕНЫ
182,300009/6,Натуральный крем для рук и тела SYNERGETIC Пачули и ароматный бергамот 380мл,380 мл,252,СРЕДСТВА ЛИЧНОЙ ГИГИЕНЫ
183,300010/6,Натуральный крем для рук и тела SYNERGETIC Сандал и ягоды можжевельника 380мл,380 мл,252,СРЕДСТВА ЛИЧНОЙ ГИГИЕНЫ
184,300023,"Натуральный крем для рук и тела Synergetic кокос и масло макадамии, 380мл",380 мл,252,СРЕДСТВА ЛИЧНОЙ ГИГИЕНЫ
185,ЭС053,"FL Flox FLOX PROF Нейтрализатор запахов с антибактериальным компонентом, без запаха. Готов к применению 5 л",5 л,1105,НЕЙТРАЛИЗАТОРЫ И ОСВЕЖИТЕЛИ ВОЗДУХА
186,ЭС054,"FL Flox FLOX PROF Нейтрализатор запахов с антибактериальным компонентом, без запаха. Готов к применению 500 мл",500 мл,245,НЕЙТРАЛИЗАТОРЫ И ОСВЕЖИТЕЛИ ВОЗДУХА
187,ЭС055,"FL Sea FLOX SEA Нейтрализатор запахов с антибактериальным компонентом, аромат ""Морской бриз"". Готов к применению. 5 л",5 л,1105,НЕЙТРАЛИЗАТОРЫ И ОСВЕЖИТЕЛИ ВОЗДУХА
188,ЭС056,"FL Sea FLOX SEA Нейтрализатор запахов с антибактериальным компонентом, аромат ""Морской бриз"". Готов к применению. 500 мл",500 мл,245,НЕЙТРАЛИЗАТОРЫ И ОСВЕЖИТЕЛИ ВОЗДУХА
189,26206,"EFFECT ИНТЕНСИВ 702 нейтрализатор запаха, 500 мл (ВЕРСИЯ 2024)",500 мл,369,НЕЙТРАЛИЗАТОРЫ И ОСВЕЖИТЕЛИ ВОЗДУХА
190,900001,"Гипоаллергенный биоразлагаемый освежитель воздуха, нейтрализатор запахов SYNERGETIC «Миндаль и яблоневый цвет» 380мл",380 мл,219,НЕЙТРАЛИЗАТОРЫ И ОСВЕЖИТЕЛИ ВОЗДУХА
191,900003,"Гипоаллергенный биоразлагаемый освежитель воздуха, нейтрализатор запахов SYNERGETIC «Пачули и нероли» 380мл",380 мл,219,НЕЙТРАЛИЗАТОРЫ И ОСВЕЖИТЕЛИ ВОЗДУХА
192,900006,"Гипоаллергенный биоразлагаемый освежитель воздуха, нейтрализатор запахов SYNERGETIC "" Горные травы и эдельвейс"", 380 мл",380 мл,219,НЕЙТРАЛИЗАТОРЫ И ОСВЕЖИТЕЛИ ВОЗДУХА
193,900010,"Парфюмированный освежитель воздуха, нейтрализатор запахов SYNERGETIC Tobacco-vanille/Табак-ваниль 380мл",380 мл,319,НЕЙТРАЛИЗАТОРЫ И ОСВЕЖИТЕЛИ ВОЗДУХА
194,125118,"Грасс ""Harmony"" Жидкий освежитель воздуха 400мл",400 мл,199,НЕЙТРАЛИЗАТОРЫ И ОСВЕЖИТЕЛИ ВОЗДУХА
195,125117,"Грасс ""Liberty"" Жидкий освежитель воздуха 400мл",400 мл,199,НЕЙТРАЛИЗАТОРЫ И ОСВЕЖИТЕЛИ ВОЗДУХА
196,125116,"Грасс ""Spring"" Жидкий освежитель воздуха 400 мл",400 мл,199,НЕЙТРАЛИЗАТОРЫ И ОСВЕЖИТЕЛИ ВОЗДУХА
197,ЭС057,"CK Cooky Гель для мытья  посуды вручную. Без запаха
Cooky 1 л
 ",1 л,231,ДЛЯ КУХНИ
198,ЭС058,CK Cooky+ Пенное гелеобразное средство для мытья посуды. Без отдушки. Концентрат (1:200). 5 л ПЭТ,5 л ПЭТ,490,ДЛЯ КУХНИ
199,ЭС059,"CK Apple + Гелеобразное средство для мытья посуды. С ароматом яблока 
Концентрат (1:250) 5 л ПЭТ",5 л,579,ДЛЯ КУХНИ
200,ЭС060,"CK Fruit + Cooky Fruit+ Гелеобразное средство для мытья посуды. С ароматом фруктов
Концентрат (1:250)",5 л,579,ДЛЯ КУХНИ
201,ЭС061,CK Gel Lemon + Cooky Gel Lemon+ Пенное гелеобразное средство для мытья посуды. Аромат лимон. Концентрат(1:200) ,5 л,589,ДЛЯ КУХНИ
202,ЭС062,CK Cooky DEZ + Cooky Plus Пенное гелеобразное средство для мытья посуды с дезинфицирующим эффектом. Концентрат(1:250) ,5 л,597,ДЛЯ КУХНИ
203,ЭС063,"CK Cooky White + Cooky White+ Средство для мытья и отбеливания посуды с дезинфицирующим эффектом. 
Концентрат(1:30) ",5 л,1110,ДЛЯ КУХНИ
204,ЭС064,CK Automat + Cooky Automat+ Средство для мытья посуды в посудомоечных машинах. Концентрат,5 л,1390,ДЛЯ КУХНИ
205,ЭС065,"CK Rinser + Splash Rinser Кислотное средство для ополаскивания посуды в посудомоечной машине
Концентрат (1:200-1:3000)",5 л,1359,ДЛЯ КУХНИ
206,25700,"EFFECT Super средство для мытья посуды, 5 л",5 л,399,ДЛЯ КУХНИ
207,25706,EFFECT Super средство универсальное для мытья пола и поверхностей 5 л,5 л,420,ДЛЯ КУХНИ
208,25704,"EFFECT Super средство для мытья посуды, 1 л",1 л,149,ДЛЯ КУХНИ
209,25698,"EFFECT Super Средство чистящее универсальное для стеклянных поверхностей, 500 мл",500 мл,154,ДЛЯ КУХНИ
210,25694,"EFFECT Super Средство чистящее для кухни Антижир, 500 мл",500 мл,155,ДЛЯ КУХНИ
211,9066,"EFFECT ДЕЛЬТА 418 DesPro средство для дезинфекции и мытья поверхностей, 5000 мл",5 л,899,ДЛЯ КУХНИ
212,26216,"EFFECT АЛЬФА 104 Средство для очистки канализационных труб, 5 л (ВЕРСИЯ 2023)",5 л,659,ДЛЯ КУХНИ
213,26008,"EFFECT АЛЬФА 106 универсальное чистящее средство Универсал, 5 л (ВЕРСИЯ 2023)",5 л,559,ДЛЯ КУХНИ
214,26211,"EFFECT АЛЬФА 104 Средство для очистки канализационных труб, 750 мл (ВЕРСИЯ 2023)",750 мл,149,ДЛЯ КУХНИ
215,26196,"EFFECT АЛЬФА 106 Универсал, универсальное чистящее средство, 750 мл (ВЕРСИЯ 2023)",750 мл,129,ДЛЯ КУХНИ
216,26656,"EFFECT ВИТА 211 Концентрированное средство для ручного мытья посуды, 5 л",5 л,1279,ДЛЯ КУХНИ
217,25684,"EFFECT ГАММА 302 Средство чистящее для кухни, 5 л (ВЕРСИЯ 2023)",5 л,2159,ДЛЯ КУХНИ
218,25680,"EFFECT ГАММА 301 Средство чистящее для кухни спрей, 5 л (ВЕРСИЯ 2023)",5 л,1589,ДЛЯ КУХНИ
219,26434,"EFFECT ГАММА 303 Универсальный чистящий крем, 600 г",600 г,135,ДЛЯ КУХНИ
220,25681,"EFFECT ГАММА 301 Средство чистящее для кухни, спрей, 500 мл (ВЕРСИЯ 2023)",500 мл,305,ДЛЯ КУХНИ
221,25984,"EFFECT ДЕЛЬТА 416 Средство универсальное Дегризер, 5 л (ВЕРСИЯ 2023)",5 л,1689,ДЛЯ КУХНИ
222,26006,"EFFECT ДЕЛЬТА 412 Средство нейтральное для мытья полов, 5 л (ВЕРСИЯ 2023)",5 л,728,ДЛЯ КУХНИ
223,26002,"EFFECT ДЕЛЬТА 401 Средство универсальное высокопенное для мытья поверхностей, 5 л (ВЕРСИЯ 2023)",5 л,689,ДЛЯ КУХНИ
224,27312,"EFFECT ДЕЛЬТА 416 Средство универсальное Дегризер, 1 л",1 л,359,ДЛЯ КУХНИ
225,25689,"EFFECT ДЕЛЬТА 404 средство чистящее универсальное для стекол и зеркал, 500 мл (ВЕРСИЯ 2023)",500 мл,149,ДЛЯ КУХНИ
226,1957,"""Sanfor"" для труб"", 1 кг",1 кг,259,ДЛЯ КУХНИ
227,10742,"Средство для очистки труб ""Sanfor для труб"" (прочистка труб на кухне), 1 кг",1 кг,269,ДЛЯ КУХНИ
228,1544,"""Sanfor"" Универсал"", 750 г, лимонная свежесть",750 гр,189,ДЛЯ КУХНИ
229,1956,"""Sanfor"" Универсал"", 1 кг, летний дождь",1 кг,250,ДЛЯ КУХНИ
230,1543,"""Sanfor"" Универсал"", 750 г, морской бриз",750 гр,189,ДЛЯ КУХНИ
231,14123,"SANITA спрей для стекол, Горная свежесть, 500 мл (НОВЫЙ ДИЗАЙН ВЕРСИЯ 2020)",500 мл,217,ДЛЯ КУХНИ
232,1542,"""Sanfor"" Универсал"", 750 г, зеленое яблоко",750 гр,189,ДЛЯ КУХНИ
233,21620,"SANFOR для труб TURBO, 1 кг (новая этикетка)",1 кг,419,ДЛЯ КУХНИ
234,22157,"SANFOR для мытья полов УЛЬТРА БЛЕСК, Забота о доме, 1 л",1 л,269,ДЛЯ КУХНИ
235,22674,"SANFOR для мытья полов УЛЬТРА БЛЕСК, Забота о домашних питомцах, 1 л",1 л,269,ДЛЯ КУХНИ
236,22945,"SANITA крем СТЕКЛОКЕРАМИКА, 600 г (ВЕРСИЯ 2022)",600 г,199,ДЛЯ КУХНИ
237,22952,"SANITA крем УНИВЕРСАЛ, Сицилийский лимон, 600 г (ВЕРСИЯ 2022)",600 г,199,ДЛЯ КУХНИ
238,24265,"SANFOR Универсал Ультра Блеск Чистота и гигиена, 750 г",750 гр,209,ДЛЯ КУХНИ
239,24608,"SANITA спрей для стекол с нашатырным спиртом, 500 мл (ВЕРСИЯ 2023)",500 мл,209,ДЛЯ КУХНИ
240,25354,"SANITA средство чистящее для кухни 1 минута, 500 мл (ВЕРСИЯ 2023)",500 мл,226,ДЛЯ КУХНИ
241,25360,"SANITA средство чистящее мгновенного действия Жироудалитель GOLD, 500 мл (ВЕРСИЯ 2023)",500 мл,259,ДЛЯ КУХНИ
242,25363,"SANITA спрей Антижир для стеклокерамики, 500 мл (ВЕРСИЯ 2023)",500 мл,219,ДЛЯ КУХНИ
243,25381,"SANITA средство чистящее быстрого действия спрей КАЗАН-МАНГАЛ, 500 мл (по 5 шт) ВЕРСИЯ 2023",500 мл,225,ДЛЯ КУХНИ
244,25386,"SANITA чистящее средство спрей ДЛЯ КУХНИ, 500 мл (ВЕРСИЯ 2024)",500 мл,235,ДЛЯ КУХНИ
245,26283,"SANFOR Универсал, Морской бриз, 1,5 л","1,5 л",289,ДЛЯ КУХНИ
246,26285,"SANFOR Универсал, Зеленое яблоко, 1,5 л","1,5 л",289,ДЛЯ КУХНИ
247,26289,"SANFOR Универсал Ультра Блеск Чистота и гигиена, 1,5 л","1,5 л",289,ДЛЯ КУХНИ
248,26400,"SANFOR для труб, прочистка труб на кухне, 1 кг (250 г бесплатно)",1 кг,269,ДЛЯ КУХНИ
249,103051/14,"Средство биоразлагаемое для мытья посуды SYNERGETIC с ароматом лимона, 0,5л",500 мл,129,ДЛЯ КУХНИ
250,103101/8,"Средство биоразлагаемое для мытья посуды SYNERGETIC с ароматом лимона, 1л",1 л,209,ДЛЯ КУХНИ
251,103500,"Средство биоразлагаемое для мытья посуды SYNERGETIC с ароматом лимона, 5л",5 л,754,ДЛЯ КУХНИ
252,103053/14,"Средство биоразлагаемое для мытья посуды SYNERGETIC с ароматом алоэ, 0,5л",500 мл,129,ДЛЯ КУХНИ
253,103103/8,"Средство биоразлагаемое для мытья посуды SYNERGETIC с ароматом алоэ, 1л",1 л,209,ДЛЯ КУХНИ
254,103503,"Средство биоразлагаемое для мытья посуды SYNERGETIC с ароматом алоэ, 5л",5 л,754,ДЛЯ КУХНИ
255,102055avt,"Биоразлагаемые бесфосфатные таблетки для посудомоечных машин ""SYNERGETIC"", 55шт",55 шт в упак,745,ДЛЯ КУХНИ
256,102100avt,"Биоразлагаемые бесфосфатные таблетки для посудомоечных машин ""SYNERGETIC"", 100шт",100 шт в упак,1149,ДЛЯ КУХНИ
257,106055,"Биоразлагаемое универсальное чистящее средство для удаления жира, копоти, нагара с плит, сковородок, духовых шкафов, гриля и других кухонных поверхностей «Антижир» SYNERGETIC 0,5л","0,5 л",249,ДЛЯ КУХНИ
258,107052/8,"Средство биоразлагаемое для мытья стекол, зеркал и бытовой техники SYNERGETIC. 0,5л.","0,5 л",189,ДЛЯ КУХНИ
259,H-395057-N,Bagi ПОТХАН (средство для устранения засоров) 600 г,600 г,997,ДЛЯ КУХНИ
260,4303010033,"Средство чистящее ""Санокс"" Антижир - гель   15*450 мл",450 мл,115,ДЛЯ КУХНИ
261,D015-5,Dolphin: Юниверсал Экстра 5л для ежедневного ухода за полами и мебелью (шт.,5 л,1089,ДЛЯ КУХНИ
262,D016-5,Dolphin: Юниверсал Клин 5л для ежедневного ухода за интерьером (шт.),5 л,859,ДЛЯ КУХНИ
263,K-310423-N,"Bagi КУМКУМИТ ОТ НАКИПИ, 550 мл",550 мл,549,ДЛЯ КУХНИ
264,125377,"Грасс ""EVA""  Flower Кондиционер для белья 5 кг *4",5 кг,619,СРЕДСТВА ДЛЯ СТИРКИ
265,ЭС066,"Crystal Color, Cтиральный порошок для цветных тканей с функцией ""защита цвета"" 
Концентрат 5 кг",5 кг,1450,СРЕДСТВА ДЛЯ СТИРКИ
266,ЭС067,"Crystal White +, Стиральный порошок для белых тканей
Концентрат 5 кг",5 кг,1650,СРЕДСТВА ДЛЯ СТИРКИ
267,ЭС068,"Crystal, Жидкий моющий концентрат для стирки белья  
Концентрат 5 л",5 л,1389,СРЕДСТВА ДЛЯ СТИРКИ
268,ЭС069,"Crystal (белые ткани), Жидкое моющее средство для стирки белых и светлых тканей
Концентрат 1 л",1 л,379,СРЕДСТВА ДЛЯ СТИРКИ
269,ЭС070,"Crystal (спортивная одежда), Жидкое моющее средство для стирки спортивной одежды, обуви и пуховиков
Концентрат 1 л",1 л,498,СРЕДСТВА ДЛЯ СТИРКИ
270,ЭС071,"Crystal (цветные изделия), Жидкое моющее средство для стирки цветных тканей
Концентрат 1 л",1 л,379,СРЕДСТВА ДЛЯ СТИРКИ
271,ЭС072,"Crystal (чёрные ткани), Жидкое моющее средство для стирки белых и светлых тканей
Концентрат 1 л",1 л,379,СРЕДСТВА ДЛЯ СТИРКИ
272,ЭС073,"Crystal (шерсть и шелк), Жидкое моющее средство для стирки шерсти, шелка и деликатных тканей
Концентрат 1 л",1 л,379,СРЕДСТВА ДЛЯ СТИРКИ
273,ЭС074,"Crystal Rinser Альпийская свежесть, Кондиционер для белья с ароматом ""Альпийская свежесть""
Концентрат 2 л",2 л,269,СРЕДСТВА ДЛЯ СТИРКИ
274,ЭС075,"Crystal Rinser Альпийская свежесть, Кондиционер для белья с ароматом ""Альпийская свежесть""
Концентрат 5 л",5 л,599,СРЕДСТВА ДЛЯ СТИРКИ
275,ЭС076,"Crystal Rinser Королевский Ирис, Кондиционер для белья с ароматом  королевского Ириса
Концентрат 2 л",2 л,279,СРЕДСТВА ДЛЯ СТИРКИ
276,ЭС077,"Crystal Rinser Королевский Ирис, Кондиционер для белья с ароматом  королевского Ириса
Концентрат 5 л",5 л,599,СРЕДСТВА ДЛЯ СТИРКИ
277,ЭС078,"Crystal Rinser Лепестки Сакуры, Кондиционер для белья с ароматом лепестков Сакуры
Концентрат 2 л",2 л,287,СРЕДСТВА ДЛЯ СТИРКИ
278,ЭС079,"Crystal Rinser Лепестки Сакуры, Кондиционер для белья с ароматом лепестков Сакуры
Концентрат",5 л,599,СРЕДСТВА ДЛЯ СТИРКИ
279,ЭС080,"Crystal Rinser Экзотические цветы, Кондиционер для белья с ароматом экзотических цветов
Концентрат 2 л",2 л,269,СРЕДСТВА ДЛЯ СТИРКИ
280,ЭС081,"Crystal Rinser Японский чай, Кондиционер для белья с ароматом Японского чая
Концентрат 2 л",2 л,269,СРЕДСТВА ДЛЯ СТИРКИ
281,ЭС082,"Crystal Rinser Японский чай, Кондиционер для белья с ароматом Японского чая
Концентрат 5 л",5 л,599,СРЕДСТВА ДЛЯ СТИРКИ
282,ЭС083,"Crystal Rinser, Кондиционер для белья без красителей и ароматизаторов 
Концентрат 5 л",5 л,599,СРЕДСТВА ДЛЯ СТИРКИ
283,ЭС084,"Crystal Hand, Чистящее средство, сода эффект
Готово к применению 400 гр",400 гр,97,СРЕДСТВА ДЛЯ СТИРКИ
284,ЭС085,"Crystal Lux, Чистящее средство, отбеливающий эффект
Готово к применению 400 гр",400 гр,105,СРЕДСТВА ДЛЯ СТИРКИ
285,25986,"EFFECT ОМЕГА 501 Средство для стирки, 5 л (ВЕРСИЯ 2023)",5 л,1459,СРЕДСТВА ДЛЯ СТИРКИ
286,25763,"EFFECT ОМЕГА 507 Гель-концентрат для стирки цветного белья Color, 5 л",5 л,1288,СРЕДСТВА ДЛЯ СТИРКИ
287,25996,"EFFECT ОМЕГА 502 пятновыводитель с активным кислородом, 5 л (ВЕРСИЯ 2023)",5 л,886,СРЕДСТВА ДЛЯ СТИРКИ
288,109275,"Биоразлагаемый концентрированный гель для стирки SYNERGETIC универсальный 2,75л (фиолетовая этикетка)","2,75 л",799,СРЕДСТВА ДЛЯ СТИРКИ
289,109500,Биоразлагаемый концентрированный гель для стирки SYNERGETIC универсальный 5л (фиолетовая этикетка),5 л,1099,СРЕДСТВА ДЛЯ СТИРКИ
290,109803,"Биоразлагаемый концентрированный  универсальный гипоаллергенный гель для стирки SYNERGETIC 3,75л (зеленая этикетка)","3,75  л",929,СРЕДСТВА ДЛЯ СТИРКИ
291,109804,Биоразлагаемый концентрированный  универсальный гипоаллергенный гель для стирки SYNERGETIC 5л (зеленая этикетка),5 л,1099,СРЕДСТВА ДЛЯ СТИРКИ
292,109805,"Биоразлагаемый концентрированный гель для стирки SYNERGETIC COLOR 1,5л","1,5 л",419,СРЕДСТВА ДЛЯ СТИРКИ
293,109836,"Биоразлагаемый концентрированный гель для стирки SYNERGETIC COLOR 3,75л","3,75 л",929,СРЕДСТВА ДЛЯ СТИРКИ
294,109817,Биоразлагаемые концентрированные гипоаллергенные капсулы для стирки SYNERGETIC COLOR (12 штук),12 шт в упак,259,СРЕДСТВА ДЛЯ СТИРКИ
295,109815,Биоразлагаемые концентрированные гипоаллергенные капсулы для стирки SYNERGETIC COLOR (40 штук),40 шт в упак,689,СРЕДСТВА ДЛЯ СТИРКИ
296,109816,Биоразлагаемые концентрированные гипоаллергенные капсулы для стирки SYNERGETIC COLOR (60 штук),60 шт в упак,849,СРЕДСТВА ДЛЯ СТИРКИ
297,4301020057,"Средство моющее синтетическое порошкообразное ""АИСТ""- ПРОФИ  стандарт 20кг.",20 кг,2599,СРЕДСТВА ДЛЯ СТИРКИ
298,87068,Чайка-автомат 15 кг Балтийское море универсал,15 кг,1699,СРЕДСТВА ДЛЯ СТИРКИ
299,135921,"PACLAN GREEN MOP SOFT ШВАБРА С ПЛОСКОЙ НАСАДКОЙ ШЕНИЛЛ И ТЕЛЕСКОПИЧЕСКОЙ РУЧКОЙ, 1 ШТ.",телескоп ручка,989,"УБОРОЧНЫЙ ИНВЕНТАРЬ (тряпки, салфетки, перчатки, губки)"
300,135931,PACLAN GREEN MOP ПЛОСКАЯ НАСАДКА ШЕНИЛЛ ДЛЯ ШВАБРЫ 1 ШТ.,шт,389,"УБОРОЧНЫЙ ИНВЕНТАРЬ (тряпки, салфетки, перчатки, губки)"
301,135951,"PACLAN GREEN MOP ПЛОСКАЯ НАСАДКА ИЗ МИКРОФИБРЫ ДЛЯ ШВАБРЫ, 1 ШТ.",шт,299,"УБОРОЧНЫЙ ИНВЕНТАРЬ (тряпки, салфетки, перчатки, губки)"
302,1037844,Вик: Набор совок-ленивка и щетка /AF201/ 36CL/1,шт,639,"УБОРОЧНЫЙ ИНВЕНТАРЬ (тряпки, салфетки, перчатки, губки)"
303,407331,"PACLAN PRACTI EXTRA DRY РЕЗИНОВЫЕ ПЕРЧАТКИ Р. S, ПАРА",пара,105,"УБОРОЧНЫЙ ИНВЕНТАРЬ (тряпки, салфетки, перчатки, губки)"
304,4073411,"PACLAN PRACTI EXTRA DRY РЕЗИНОВЫЕ ПЕРЧАТКИ Р. М, ПАРА",пара,105,"УБОРОЧНЫЙ ИНВЕНТАРЬ (тряпки, салфетки, перчатки, губки)"
305,407897,PACLAN UNIVERSAL ПАРА РЕЗИНОВЫХ ПЕРЧАТОК (M) ЖЕЛТЫЕ,пара,99,"УБОРОЧНЫЙ ИНВЕНТАРЬ (тряпки, салфетки, перчатки, губки)"
306,407641,"PACLAN PRACTI COMFORT ПЕРЧАТКИ РЕЗИНОВЫЕ S, ПАРА",пара,109,"УБОРОЧНЫЙ ИНВЕНТАРЬ (тряпки, салфетки, перчатки, губки)"
307,407652,"PACLAN PRACTI COMFORT ПЕРЧАТКИ РЕЗИНОВЫЕ М, ПАРА",пара,109,"УБОРОЧНЫЙ ИНВЕНТАРЬ (тряпки, салфетки, перчатки, губки)"
308,ME6BB306BS82,Перчатки нитриловые хлорированные неопудренные 100 шт/50 пар S голубой,50 пар/ S голубой,459,"УБОРОЧНЫЙ ИНВЕНТАРЬ (тряпки, салфетки, перчатки, губки)"
309,ME6BB306BS83,Перчатки нитриловые хлорированные неопудренные 100 шт/50 пар M голубой,50 пар/ M голубой,459,"УБОРОЧНЫЙ ИНВЕНТАРЬ (тряпки, салфетки, перчатки, губки)"
310,M223K2,Перчатки нитриловые хлорированные неопудренные 200 шт/100 пар S голубой,100 пар/S голубой,820,"УБОРОЧНЫЙ ИНВЕНТАРЬ (тряпки, салфетки, перчатки, губки)"
311,ME6BB306BS103,Перчатки нитриловые хлорированные неопудренные 200 шт/100 пар M голубой,100 пар/M голубой,820,"УБОРОЧНЫЙ ИНВЕНТАРЬ (тряпки, салфетки, перчатки, губки)"
312,M212K3,Перчатки нитриловые хлорированные неопудренные 100 шт/50 пар M черный,50 пар/M черный,568,"УБОРОЧНЫЙ ИНВЕНТАРЬ (тряпки, салфетки, перчатки, губки)"
313,M212K4,Перчатки нитриловые хлорированные неопудренные 100 шт/50 пар L черный,50 пар/L черный,568,"УБОРОЧНЫЙ ИНВЕНТАРЬ (тряпки, салфетки, перчатки, губки)"
314,123118/123114,"Vileda: Губка с системой ПурАктив 6,3х14 см голубой (10 шт/уп)",(10 шт/уп),185,"УБОРОЧНЫЙ ИНВЕНТАРЬ (тряпки, салфетки, перчатки, губки)"
315,123116/123112,"Vileda: Губка с системой ПурАктив 6,3х14 см красный (10 шт/уп)",(10 шт/уп),185,"УБОРОЧНЫЙ ИНВЕНТАРЬ (тряпки, салфетки, перчатки, губки)"
316,123117/123113,"Vileda: Губка с системой ПурАктив 6,3х14 см желтый (10 шт/уп)",(10 шт/уп),185,"УБОРОЧНЫЙ ИНВЕНТАРЬ (тряпки, салфетки, перчатки, губки)"
317,123115/123111,"Vileda: Губка с системой ПурАктив 6,3х14 см зеленый (10 шт/уп)",(10 шт/уп),185,"УБОРОЧНЫЙ ИНВЕНТАРЬ (тряпки, салфетки, перчатки, губки)"
318,101397/101404,Vileda: Губка (зеленый абразив) 7х15 см голубой (10 шт/уп),(10 шт/уп),148,"УБОРОЧНЫЙ ИНВЕНТАРЬ (тряпки, салфетки, перчатки, губки)"
319,101397/101404,Vileda: Губка (зеленый абразив) 7х15 см красный (10 шт/уп),(10 шт/уп),148,"УБОРОЧНЫЙ ИНВЕНТАРЬ (тряпки, салфетки, перчатки, губки)"
320,101397/101404,Vileda: Губка (зеленый абразив) 7х15 см желтый (10 шт/уп),(10 шт/уп),148,"УБОРОЧНЫЙ ИНВЕНТАРЬ (тряпки, салфетки, перчатки, губки)"
321,101397/101404,Vileda: Губка (зеленый абразив) 7х15 см зеленый (10 шт/уп),(10 шт/уп),148,"УБОРОЧНЫЙ ИНВЕНТАРЬ (тряпки, салфетки, перчатки, губки)"
322,409172,"PACLAN PRACTI SOFT POWER ГУБКИ ДЛЯ ПОСУДЫ, 2ШТ",2 шт в упак,159,"УБОРОЧНЫЙ ИНВЕНТАРЬ (тряпки, салфетки, перчатки, губки)"
323,409135,"PACLAN PRACTI UNIVERSAL ГУБКИ ДЛЯ ПОСУДЫ, 5ШТ.",5 шт в упак,99,"УБОРОЧНЫЙ ИНВЕНТАРЬ (тряпки, салфетки, перчатки, губки)"
324,409113,PACLAN PRACTI PROFI ГУБКИ ДЛЯ ПОСУДЫ 2ШТ.,2 шт в упак,79,"УБОРОЧНЫЙ ИНВЕНТАРЬ (тряпки, салфетки, перчатки, губки)"
325,409140,"Губка меламиновая Practi Magic, 1шт.",шт,119,"УБОРОЧНЫЙ ИНВЕНТАРЬ (тряпки, салфетки, перчатки, губки)"
326,409194,"PACLAN PRACTI CRYSTAL ГУБКА ДЛЯ ВАННОЙ, 1ШТ.",шт,129,"УБОРОЧНЫЙ ИНВЕНТАРЬ (тряпки, салфетки, перчатки, губки)"
327,410121,"Универсальная тряпка Practi, 35x35cm,5 шт.","0,35*0,35 м по 5 шт в упак",84,"УБОРОЧНЫЙ ИНВЕНТАРЬ (тряпки, салфетки, перчатки, губки)"
328,410310,PACLAN САЛФЕТКИ ИЗ МИКРОФИБРЫ 30Х30СМ 2ШТ.,"0,3*0,3 м по 2 шт в упак",119,"УБОРОЧНЫЙ ИНВЕНТАРЬ (тряпки, салфетки, перчатки, губки)"
329,410261,PACLAN САЛФЕТКИ ИЗ МИКРОФИБРЫ 30Х30СМ 4ШТ.,"0,3*0,3 м по 4 шт в упак",379,"УБОРОЧНЫЙ ИНВЕНТАРЬ (тряпки, салфетки, перчатки, губки)"
330,411023,"PACLAN ТРЯПКА ДЛЯ ПОЛА ИЗ МИКРОФИБРЫ, 50X60CM, 1 ШТ.","0,5*0,6 м",289,"УБОРОЧНЫЙ ИНВЕНТАРЬ (тряпки, салфетки, перчатки, губки)"
331,410341,"PACLAN ТРЯПКА УНИВЕРСАЛЬНАЯ ""КОМФОРТ"" 25Х35СМ, 70шт./рул.","0,25*0,35 м 70 шт в рулоне",410,"УБОРОЧНЫЙ ИНВЕНТАРЬ (тряпки, салфетки, перчатки, губки)"
332,147593,Держатель мопов Vileda УльтраСпид Про голубой 40 см,40 см шт,4459,"УБОРОЧНЫЙ ИНВЕНТАРЬ (тряпки, салфетки, перчатки, губки)"
333,167275,Vileda: Контракт УльтраСпид Про 40см (шт.),шт,597,"УБОРОЧНЫЙ ИНВЕНТАРЬ (тряпки, салфетки, перчатки, губки)"
334,167276,Vileda: УльтраСпид Про Моп Трио 40см серо-бело-бежевый (шт.),шт,649,"УБОРОЧНЫЙ ИНВЕНТАРЬ (тряпки, салфетки, перчатки, губки)"
335,167291,Vileda: Моп МикроПлюс УльтраСпид Про 40см,шт,829,"УБОРОЧНЫЙ ИНВЕНТАРЬ (тряпки, салфетки, перчатки, губки)"
336,167292,"Vileda: Моп МикроЛайт Макси УльтраСпид Про 40см, белый/серый",шт,867,"УБОРОЧНЫЙ ИНВЕНТАРЬ (тряпки, салфетки, перчатки, губки)"
337,161099,Vileda: УльтраСпид Набор Мини Комплекс голубой (шт.),шт,5989,"УБОРОЧНЫЙ ИНВЕНТАРЬ (тряпки, салфетки, перчатки, губки)"
338,512413,"Vileda: Ручка алюминиевая с цветовой кодировкой 150см для держателей и сгонов,",шт,1719,"УБОРОЧНЫЙ ИНВЕНТАРЬ (тряпки, салфетки, перчатки, губки)"
339,526693,Vileda: УльтраСпид Мини Ручка 84-144см телескопическая (шт.),шт,699,"УБОРОЧНЫЙ ИНВЕНТАРЬ (тряпки, салфетки, перчатки, губки)"
340,70974,совок и сметка с длинными ручками 83см  Антелла,шт,569,"УБОРОЧНЫЙ ИНВЕНТАРЬ (тряпки, салфетки, перчатки, губки)"
341,170635,Vileda: Салфетка* МикронКвик 40х38см голубой (шт.),шт,567,"УБОРОЧНЫЙ ИНВЕНТАРЬ (тряпки, салфетки, перчатки, губки)"
342,170638,Vileda: Салфетка* МикронКвик 40х38см желтый (шт.),шт,567,"УБОРОЧНЫЙ ИНВЕНТАРЬ (тряпки, салфетки, перчатки, губки)"
343,170637,Vileda: Салфетка* МикронКвик 40х38см зеленый (шт.),шт,567,"УБОРОЧНЫЙ ИНВЕНТАРЬ (тряпки, салфетки, перчатки, губки)"
344,170636,Vileda: Салфетка* МикронКвик 40х38см красный (шт.),шт,567,"УБОРОЧНЫЙ ИНВЕНТАРЬ (тряпки, салфетки, перчатки, губки)"
345,161616,"Vileda: Салфетки Бризи 35,5x35 см голубой (25 шт/уп)",(25 шт/уп),75,"УБОРОЧНЫЙ ИНВЕНТАРЬ (тряпки, салфетки, перчатки, губки)"
346,161617,"Vileda: Салфетки Бризи 35,5x35 см красный (25 шт/уп)",(25 шт/уп),75,"УБОРОЧНЫЙ ИНВЕНТАРЬ (тряпки, салфетки, перчатки, губки)"
347,161618,"Vileda: Салфетки Бризи 35,5x35 см желтый (25 шт/уп)",(25 шт/уп),75,"УБОРОЧНЫЙ ИНВЕНТАРЬ (тряпки, салфетки, перчатки, губки)"
348,161619,"Vileda: Салфетки Бризи 35,5x35 см зеленый (25 шт/уп)",(25 шт/уп),75,"УБОРОЧНЫЙ ИНВЕНТАРЬ (тряпки, салфетки, перчатки, губки)"
349,143590/143585,Vileda: Салфетки ПВАМикро  голубой,шт,497,"УБОРОЧНЫЙ ИНВЕНТАРЬ (тряпки, салфетки, перчатки, губки)"
350,143592/143587,Vileda: Салфетки ПВАМикро желтый,шт,497,"УБОРОЧНЫЙ ИНВЕНТАРЬ (тряпки, салфетки, перчатки, губки)"
351,143593,Vileda: Салфетки ПВАМикро зеленый,шт,497,"УБОРОЧНЫЙ ИНВЕНТАРЬ (тряпки, салфетки, перчатки, губки)"
352,143591/143586,Vileda: Салфетки ПВАМикро красный,шт,497,"УБОРОЧНЫЙ ИНВЕНТАРЬ (тряпки, салфетки, перчатки, губки)"
353,174176,Vileda: Салфетка* МикроТафф Бэйс 36х36см синий (шт.),шт,237,"УБОРОЧНЫЙ ИНВЕНТАРЬ (тряпки, салфетки, перчатки, губки)"
354,174178,Vileda: Салфетка* МикроТафф Бэйс 36х36см красный (шт.),шт,237,"УБОРОЧНЫЙ ИНВЕНТАРЬ (тряпки, салфетки, перчатки, губки)"
355,174182,Vileda: Салфетка* МикроТафф Бэйс 36х36см желтый (шт.),шт,237,"УБОРОЧНЫЙ ИНВЕНТАРЬ (тряпки, салфетки, перчатки, губки)"
356,174180,Vileda: Салфетка* МикроТафф Бэйс 36х36см зеленый (шт.),шт,237,"УБОРОЧНЫЙ ИНВЕНТАРЬ (тряпки, салфетки, перчатки, губки)"
357,174192,Vileda Салфетки МикроТафф Плюс 38х38 см голубая,38*38 шт,519,"УБОРОЧНЫЙ ИНВЕНТАРЬ (тряпки, салфетки, перчатки, губки)"
358,174201,Vileda Салфетки МикроТафф Плюс 38х38 см красная,38*38 шт,519,"УБОРОЧНЫЙ ИНВЕНТАРЬ (тряпки, салфетки, перчатки, губки)"
359,174205,Vileda Салфетки МикроТафф Плюс 38х38 см желтая,38*38 шт,519,"УБОРОЧНЫЙ ИНВЕНТАРЬ (тряпки, салфетки, перчатки, губки)"
360,174203,Vileda Салфетки МикроТафф Плюс 38х38 см зеленая,38*38 шт,519,"УБОРОЧНЫЙ ИНВЕНТАРЬ (тряпки, салфетки, перчатки, губки)"
361,5060404/5080998,"Бумага туалетная PAPIA PROFESSIONAL 8 рул/упак (125*95 мм - 140 л, 20 м) 3 слоя","8 рул/пачка; 125*95 мм - 140 л, 20 м, 3 слоя",237,БУМАЖНАЯ ПРОДУКЦИЯ
362,5071518,"Бумага туалетная Focus Economic Choice 12 рул/пачка, 125 л, 15 м, 2 слоя","12 рул/пачка, 125 л, 15 м, 2 слоя",199,БУМАЖНАЯ ПРОДУКЦИЯ
363,5036904,"Бумага туалетная рулонная Focus Mini Jumbo белая 12 рул/упак, 170 м, 2 слоя","170 м, 2 слоя",159,БУМАЖНАЯ ПРОДУКЦИЯ
364,T207/1,Бумага туалетная  Veiro Professional Comfort (95мм*125 мм - 15 м) 2 слоя,95*125 мм 15 м 2 слоя 8 рул/пачка,129,БУМАЖНАЯ ПРОДУКЦИЯ
365,120197,"Туалетная бумага ТОРК: Т2 стандарт 1 сл, 200м/9,5 белая 12 рул/упак","200м/9,5 белая 12 рул/упак",137,БУМАЖНАЯ ПРОДУКЦИЯ
366,V1-250,Полотенца в пач. V-укладка ( 210 мм* 216мм - 250 л) 1 слой,250 листов 1 слой,91,БУМАЖНАЯ ПРОДУКЦИЯ
367,W80BR,"FORTESS нетканый протир. материал повыш. прочности в рул, синие, длина 90м,35*30 см 300 л",35*30 см 90 м 300 листов ,3099,БУМАЖНАЯ ПРОДУКЦИЯ
368,4147,салфетки 25*25см 1сл 80шт БЕЛЫЕ в боксе  Антелла,25*25см 1сл 80шт БЕЛЫЕ в боксе,69,БУМАЖНАЯ ПРОДУКЦИЯ
369,77198,салфетки 24*24см 1сл 100шт БЕЛЫЕ Verona,24*24см 1сл 100шт БЕЛЫЕ,45,БУМАЖНАЯ ПРОДУКЦИЯ
370,37173,салфетки бумажные 24*24см 3сл 25шт АЖУРНЫЙ УЗОРBouquet de Luxe,24*24см 3сл 25шт,67,БУМАЖНАЯ ПРОДУКЦИЯ
371,57299,салфетки бумажные 24*24см 3сл 25шт БЕЛЫЕ ТЮЛЬПАНЫ Bouquet de Luxe,24*24см 3сл 25шт,67,БУМАЖНАЯ ПРОДУКЦИЯ
372,37093,салфетки бумажные 24*24см 3сл 25шт ВЕСЕЛЫЙ ПРАЗДНИК Bouquet de Luxe,24*24см 3сл 25шт,67,БУМАЖНАЯ ПРОДУКЦИЯ
373,В3351517Б,Мешки для мусора 35 л белые (50*58),35 л (50*58) 15 шт/рул,75,МЕШКИ ДЛЯ МУСОРА
374,ЕЛР-305020,"Мешки для мусора ПНД 30л (48*57,5*5,6мкн)Ромашка (50шт/рул 20рул/кор) черные","30л  48*57,5*5,6 мкн 50 шт/рул",55,МЕШКИ ДЛЯ МУСОРА
375,НМ30-50/15/ Э,"Мешки для мусора 30л (48*57,5*7,3)Ромашка (50шт/рул 15рул/кор) черные 4612729610239","30л  48*57,5*7,3 мкн 50 шт/рул",68,МЕШКИ ДЛЯ МУСОРА
376,В30601017Б,Мешки для мусора ПСД 60 л белые  (59*64*23 мкн),60 л (59*64*23 мкн) 10 шт/рул,98,МЕШКИ ДЛЯ МУСОРА
377,ЕЛР-605020,Мешки для мусора ПНД 60л (58*68*6мкм)Ромашка (50шт/рул 20рул/кор) черные,ПНД 60л 58*68*6 мкм 50 шт/рул,85,МЕШКИ ДЛЯ МУСОРА
378,НМ60-50/15/ Э,"Мешки для мусора ПНД 60л (58*68*7,3)Ромашка (50шт/рул 15рул/кор) черные 4612729610185","ПНД 60л 58*68*7,3 мкм 50 шт/рул",98,МЕШКИ ДЛЯ МУСОРА
379,ВП-004,"Мешки для мусора ПВД 120л (70*110*28мкн)Ромашка (50шт/пач 250шт/меш) в тарном мешке,прямое дно",ПВД 120л 70*110*28 мкн 50 шт/пач,15,МЕШКИ ДЛЯ МУСОРА
380,ВП-007,"Мешки для мусора ПВД 120л (70*110*35мкн)Ромашка (50шт/пач 200шт/меш) в тарном мешке,прямое дно",ПВД 120л 70*110*35 мкн 50 шт/пач,17,МЕШКИ ДЛЯ МУСОРА
381,ВП-014,"Мешки для мусора ПВД 120л (70*110*60мкн)Ромашка (50шт/пач 150шт/меш) в тарном мешке,прямое дно",ПВД 120л 70*110*60 мкн 50 шт/пач,22,МЕШКИ ДЛЯ МУСОРА
382,ЕЛР-ВР -1801035,Мешки для мусора ПВД 180 л (86*105*20 мкн) 10 шт в рулоне/35 рулонов в коробке,180 л (86*105*20 мкн) 10 шт в рул/35 рул в кор,19,МЕШКИ ДЛЯ МУСОРА
383,ТТ-ВР-240/5/10/С,"Мешки для мусора ПВД 240 л в рулоне ""ТИТАН"" (100*130*80 мкн) 5 шт в рулоне/10 рулонов в коробке",240 л (100*130*80 мкн) 5 шт в рул/10 рул в кор,52,МЕШКИ ДЛЯ МУСОРА
384,ВР-0013,"Мешки для мусора ПВД 240 л в рулоне ""БРОНЯ"" (100*130*60 мкн) 10 шт в рулоне/7 рулонов в коробке","240 л ""БРОНЯ"" (100*130*60 мкн) 10 шт в рул/7 рул в кор",40,МЕШКИ ДЛЯ МУСОРА
385,1015220001,Батарейки OPTICELL Basic AAA                                ,4 шт в упак/48 шт в кор,389,ПРОЧЕЕ
386,1015220000,Батарейки OPTICELL Basic AA                   ,4 шт в упак/48 шт в кор,389,ПРОЧЕЕ
387,1015220009,Батарейки OPTICELL Basic 9V  (КРОНА),1 шт в упак/10 шт в кор,489,ПРОЧЕЕ
388,19-2862,Стакан пластиковый 200 мл,100 шт в упак,1.5,ПРОЧЕЕ
389,БШП ХИ-001,"Фасовочные пакеты в рулоне  24*35*6,5 мкм, 280 шт/рул, 20 рулонов в мешке","24*35*6,5 мкм, 280 шт/рул, 20 рулонов в мешке",169,ПРОЧЕЕ
390,ПУ30/50П,Фасовочные пакеты в рулоне БШП 30*40*8 мкн рулон прозрачный 40рул/кор 50шт/рул,30*40*8 мкн рулон прозрачный 40рул/кор 50шт/рул,55,ПРОЧЕЕ